{
  "baseIRI": "http://example.com/base/",
  "namespaces": {
    "rdfs": "http://www.w3.org/2000/01/rdf-schema#",
    "eleicao": "http://example.com/base/eleicao/"
  },
  "subjectMappings": [
    {
      "propertyMappings": [
        {
          "property": {
            "transformation": {
              "expression": "eleicao",
              "language": "prefix"
            },
            "valueSource": {
              "source": "constant",
              "constant": "label"
            }
          },
          "values": [
            {
              "valueSource": {
                "columnName": "nome",
                "source": "column"
              },
              "valueType": {
                "type": "literal"
              }
            }
          ]
        },
        {
          "property": {
            "transformation": {
              "expression": "eleicao",
              "language": "prefix"
            },
            "valueSource": {
              "source": "constant",
              "constant": "concorreEm"
            }
          },
          "values": [
            {
              "transformation": {
                "expression": "eleicao:Eleicao/",
                "language": "prefix"
              },
              "valueSource": {
                "columnName": "id_eleicao",
                "source": "column"
              },
              "valueType": {
                "propertyMappings": [],
                "type": "iri",
                "typeMappings": []
              }
            }
          ]
        },
        {
          "property": {
            "transformation": {
              "expression": "eleicao",
              "language": "prefix"
            },
            "valueSource": {
              "source": "constant",
              "constant": "eAfiliadoA"
            }
          },
          "values": [
            {
              "transformation": {
                "expression": "eleicao:Partido/",
                "language": "prefix"
              },
              "valueSource": {
                "columnName": "sigla_partido",
                "source": "column"
              },
              "valueType": {
                "propertyMappings": [],
                "type": "iri",
                "typeMappings": []
              }
            }
          ]
        },
        {
          "property": {
            "transformation": {
              "expression": "eleicao",
              "language": "prefix"
            },
            "valueSource": {
              "source": "constant",
              "constant": "label"
            }
          },
          "values": [
            {
              "valueSource": {
                "columnName": "cargo",
                "source": "column"
              },
              "valueType": {
                "type": "literal"
              }
            }
          ]
        },
        {
          "property": {
            "transformation": {
              "expression": "eleicao",
              "language": "prefix"
            },
            "valueSource": {
              "source": "constant",
              "constant": "label"
            }
          },
          "values": [
            {
              "valueSource": {
                "columnName": "instrucao",
                "source": "column"
              },
              "valueType": {
                "type": "literal"
              }
            }
          ]
        },
        {
          "property": {
            "transformation": {
              "expression": "eleicao",
              "language": "prefix"
            },
            "valueSource": {
              "source": "constant",
              "constant": "label"
            }
          },
          "values": [
            {
              "valueSource": {
                "columnName": "idade",
                "source": "column"
              },
              "valueType": {
                "type": "literal"
              }
            }
          ]
        },
        {
          "property": {
            "transformation": {
              "expression": "eleicao",
              "language": "prefix"
            },
            "valueSource": {
              "source": "constant",
              "constant": "label"
            }
          },
          "values": [
            {
              "valueSource": {
                "columnName": "estado_civil",
                "source": "column"
              },
              "valueType": {
                "type": "literal"
              }
            }
          ]
        },
        {
          "property": {
            "transformation": {
              "expression": "eleicao",
              "language": "prefix"
            },
            "valueSource": {
              "source": "constant",
              "constant": "label"
            }
          },
          "values": [
            {
              "valueSource": {
                "columnName": "ocupacao",
                "source": "column"
              },
              "valueType": {
                "type": "literal"
              }
            }
          ]
        },
        {
          "property": {
            "transformation": {
              "expression": "eleicao",
              "language": "prefix"
            },
            "valueSource": {
              "source": "constant",
              "constant": "label"
            }
          },
          "values": [
            {
              "valueSource": {
                "columnName": "raca",
                "source": "column"
              },
              "valueType": {
                "type": "literal"
              }
            }
          ]
        },
        {
          "property": {
            "transformation": {
              "expression": "eleicao",
              "language": "prefix"
            },
            "valueSource": {
              "source": "constant",
              "constant": "label"
            }
          },
          "values": [
            {
              "valueSource": {
                "columnName": "genero",
                "source": "column"
              },
              "valueType": {
                "type": "literal"
              }
            }
          ]
        }
      ],
      "subject": {
        "transformation": {
          "expression": "eleicao:Candidato/",
          "language": "prefix"
        },
        "valueSource": {
          "columnName": "nome",
          "source": "column"
        }
      },
      "typeMappings": [
        {
          "transformation": {
            "expression": "eleicao",
            "language": "prefix"
          },
          "valueSource": {
            "source": "constant",
            "constant": "Candidato"
          }
        }
      ]
    },
    {
      "propertyMappings": [
        {
          "property": {
            "transformation": {
              "expression": "eleicao",
              "language": "prefix"
            },
            "valueSource": {
              "source": "constant",
              "constant": "label"
            }
          },
          "values": [
            {
              "valueSource": {
                "columnName": "tipo_eleicao",
                "source": "column"
              },
              "valueType": {
                "type": "literal"
              }
            }
          ]
        },
        {
          "property": {
            "transformation": {
              "expression": "eleicao",
              "language": "prefix"
            },
            "valueSource": {
              "source": "constant",
              "constant": "ocorreEm"
            }
          },
          "values": [
            {
              "transformation": {
                "expression": "eleicao:Localizacao/",
                "language": "prefix"
              },
              "valueSource": {
                "columnName": "id_municipio_nome",
                "source": "column"
              },
              "valueType": {
                "propertyMappings": [],
                "type": "iri",
                "typeMappings": []
              }
            }
          ]
        }
      ],
      "subject": {
        "transformation": {
          "expression": "eleicao:Eleicao/",
          "language": "prefix"
        },
        "valueSource": {
          "columnName": "id_eleicao",
          "source": "column"
        }
      },
      "typeMappings": [
        {
          "transformation": {
            "expression": "eleicao",
            "language": "prefix"
          },
          "valueSource": {
            "source": "constant",
            "constant": "Eleicao"
          }
        }
      ]
    },
    {
      "propertyMappings": [
        {
          "property": {
            "transformation": {
              "expression": "eleicao",
              "language": "prefix"
            },
            "valueSource": {
              "source": "constant",
              "constant": "label"
            }
          },
          "values": [
            {
              "valueSource": {
                "columnName": "id_municipio_nome",
                "source": "column"
              },
              "valueType": {
                "type": "literal"
              }
            }
          ]
        }
      ],
      "subject": {
        "transformation": {
          "expression": "eleicao:Localizacao/",
          "language": "prefix"
        },
        "valueSource": {
          "columnName": "id_municipio_nome",
          "source": "column"
        }
      },
      "typeMappings": [
        {
          "transformation": {
            "expression": "eleicao",
            "language": "prefix"
          },
          "valueSource": {
            "source": "constant",
            "constant": "Localizacao"
          }
        }
      ]
    },
    {
      "propertyMappings": [
        {
          "property": {
            "transformation": {
              "expression": "eleicao",
              "language": "prefix"
            },
            "valueSource": {
              "source": "constant",
              "constant": "label"
            }
          },
          "values": [
            {
              "valueSource": {
                "columnName": "numero_partido",
                "source": "column"
              },
              "valueType": {
                "type": "literal"
              }
            }
          ]
        }
      ],
      "subject": {
        "transformation": {
          "expression": "eleicao:Partido/",
          "language": "prefix"
        },
        "valueSource": {
          "columnName": "sigla_partido",
          "source": "column"
        }
      },
      "typeMappings": [
        {
          "transformation": {
            "expression": "eleicao",
            "language": "prefix"
          },
          "valueSource": {
            "source": "constant",
            "constant": "Partido"
          }
        }
      ]
    }
  ]
}